subject_id,turn_index,speaker,begin_ms,end_ms,duration_ms,duration_s,gap_from_previous_ms,overlap_with_previous_ms
adrsdt1,1,INV,0,3626,3626,3.626,0,0
adrsdt1,2,PAR,3626,4514,888,0.888,0,0
adrsdt1,3,INV,4514,5883,1369,1.369,0,0
adrsdt1,4,PAR,5883,6416,533,0.533,0,0
adrsdt1,5,INV,6416,8062,1646,1.646,0,0
adrsdt1,6,PAR,7262,9042,1780,1.78,0,800
adrsdt1,7,INV,9042,10707,1665,1.665,0,0
adrsdt1,8,PAR,10007,19828,9821,9.821,0,700
adrsdt1,9,PAR,19828,28418,8590,8.59,0,0
adrsdt1,10,PAR,28418,30403,1985,1.985,0,0
adrsdt1,11,PAR,30403,34748,4345,4.345,0,0
adrsdt1,12,PAR,34748,38800,4052,4.052,0,0
adrsdt1,13,INV,38800,39697,897,0.897,0,0
adrsdt1,14,PAR,39697,42540,2843,2.843,0,0
adrsdt1,15,PAR,42540,54645,12105,12.105,0,0
adrsdt1,16,PAR,54645,59712,5067,5.067,0,0
adrsdt2,1,INV,0,997,997,0.997,0,0
adrsdt2,2,INV,997,5868,4871,4.871,0,0
adrsdt2,3,INV,5868,8128,2260,2.26,0,0
adrsdt2,4,PAR,8128,23289,15161,15.161,0,0
adrsdt2,5,PAR,23289,32986,9697,9.697,0,0
adrsdt2,6,PAR,35873,44995,9122,9.122,2887,0
adrsdt2,7,PAR,44995,56100,11105,11.105,0,0
adrsdt2,8,PAR,56100,85600,29500,29.5,0,0
adrsdt2,9,INV,85600,86566,966,0.966,0,0
adrsdt2,10,INV,86566,93240,6674,6.674,0,0
adrsdt3,1,PAR,0,3907,3907,3.907,0,0
adrsdt3,2,INV,3907,4240,333,0.333,0,0
adrsdt3,3,PAR,4240,7858,3618,3.618,0,0
adrsdt3,4,PAR,7858,9394,1536,1.536,0,0
adrsdt3,5,PAR,9394,12701,3307,3.307,0,0
adrsdt3,6,PAR,12701,16708,4007,4.007,0,0
adrsdt3,7,PAR,16708,23490,6782,6.782,0,0
adrsdt3,8,PAR,23490,27116,3626,3.626,0,0
adrsdt3,9,PAR,27116,30656,3540,3.54,0,0
adrsdt3,10,PAR,30656,36699,6043,6.043,0,0
adrsdt3,11,PAR,36699,40282,3583,3.583,0,0
adrsdt3,12,PAR,40282,45976,5694,5.694,0,0
adrsdt3,13,PAR,45976,50225,4249,4.249,0,0
adrsdt3,14,PAR,50225,58099,7874,7.874,0,0
adrsdt3,15,PAR,58099,66228,8129,8.129,0,0
adrsdt3,16,PAR,66228,73228,7000,7.0,0,0
adrsdt4,1,INV,0,1281,1281,1.281,0,0
adrsdt4,2,INV,1281,3209,1928,1.928,0,0
adrsdt4,3,PAR,3209,8329,5120,5.12,0,0
adrsdt4,4,PAR,8329,10258,1929,1.929,0,0
adrsdt4,5,PAR,10258,19851,9593,9.593,0,0
adrsdt4,6,PAR,19851,25619,5768,5.768,0,0
adrsdt4,7,PAR,25619,34297,8678,8.678,0,0
adrsdt4,8,PAR,34297,37671,3374,3.374,0,0
adrsdt4,9,PAR,37671,51586,13915,13.915,0,0
adrsdt4,10,PAR,51586,55045,3459,3.459,0,0
adrsdt4,11,PAR,55045,62093,7048,7.048,0,0
adrsdt4,12,PAR,62093,68593,6500,6.5,0,0
adrsdt4,13,PAR,68593,72782,4189,4.189,0,0
adrsdt4,14,PAR,72782,76439,3657,3.657,0,0
adrsdt4,15,PAR,76439,83305,6866,6.866,0,0
adrsdt4,16,PAR,83305,86081,2776,2.776,0,0
adrsdt4,17,PAR,86081,90920,4839,4.839,0,0
adrsdt4,18,INV,90920,93912,2992,2.992,0,0
adrsdt4,19,PAR,93912,95559,1647,1.647,0,0
adrsdt4,20,INV,95559,96922,1363,1.363,0,0
adrsdt5,1,INV,0,1646,1646,1.646,0,0
adrsdt5,2,INV,1646,4389,2743,2.743,0,0
adrsdt5,3,INV,4389,11207,6818,6.818,0,0
adrsdt5,4,PAR,11207,16574,5367,5.367,0,0
adrsdt5,5,PAR,16574,22479,5905,5.905,0,0
adrsdt5,6,PAR,22479,25655,3176,3.176,0,0
adrsdt5,7,PAR,25655,30310,4655,4.655,0,0
adrsdt5,8,PAR,30310,31200,890,0.89,0,0
adrsdt5,9,PAR,31200,32300,1100,1.1,0,0
adrsdt5,10,INV,32300,33401,1101,1.101,0,0
adrsdt5,11,PAR,33401,35030,1629,1.629,0,0
adrsdt5,12,INV,35030,35861,831,0.831,0,0
adrsdt5,13,PAR,35861,37324,1463,1.463,0,0
adrsdt5,14,INV,37324,38290,966,0.966,0,0
adrsdt6,1,PAR,0,3257,3257,3.257,0,0
adrsdt6,2,PAR,3257,6399,3142,3.142,0,0
adrsdt6,3,PAR,6399,13138,6739,6.739,0,0
adrsdt6,4,PAR,13138,18274,5136,5.136,0,0
adrsdt6,5,PAR,18274,24467,6193,6.193,0,0
adrsdt6,6,PAR,24467,27890,3423,3.423,0,0
adrsdt6,7,PAR,27890,30863,2973,2.973,0,0
adrsdt6,8,PAR,30863,32900,2037,2.037,0,0
adrsdt6,9,PAR,32900,42600,9700,9.7,0,0
adrsdt6,10,PAR,42600,43954,1354,1.354,0,0
adrsdt6,11,PAR,43954,54269,10315,10.315,0,0
adrsdt6,12,PAR,54269,58346,4077,4.077,0,0
adrsdt6,13,PAR,58346,61100,2754,2.754,0,0
adrsdt6,14,INV,61100,63097,1997,1.997,0,0
adrsdt6,15,PAR,63097,67064,3967,3.967,0,0
adrsdt6,16,PAR,67064,77380,10316,10.316,0,0
adrsdt6,17,PAR,77380,85829,8449,8.449,0,0
adrsdt6,18,PAR,85829,88496,2667,2.667,0,0
adrsdt6,19,PAR,88496,100634,12138,12.138,0,0
adrsdt6,20,INV,100634,101972,1338,1.338,0,0
adrsdt7,1,INV,0,4514,4514,4.514,0,0
adrsdt7,2,PAR,4514,11144,6630,6.63,0,0
adrsdt7,3,PAR,11144,20762,9618,9.618,0,0
adrsdt7,4,PAR,20762,23322,2560,2.56,0,0
adrsdt7,5,INV,23322,24419,1097,1.097,0,0
adrsdt7,6,PAR,24419,25790,1371,1.371,0,0
adrsdt7,7,INV,25790,26692,902,0.902,0,0
adrsdt7,8,PAR,26692,27250,558,0.558,0,0
adrsdt7,9,INV,27250,28000,750,0.75,0,0
adrsdt8,1,PAR,0,2256,2256,2.256,0,0
adrsdt8,2,INV,2256,3147,891,0.891,0,0
adrsdt8,3,INV,3147,18852,15705,15.705,0,0
adrsdt8,4,PAR,18852,20365,1513,1.513,0,0
adrsdt8,5,INV,20365,21778,1413,1.413,0,0
adrsdt8,6,INV,21778,28035,6257,6.257,0,0
adrsdt8,7,PAR,28035,39257,11222,11.222,0,0
adrsdt8,8,PAR,39257,53655,14398,14.398,0,0
adrsdt8,9,INV,53655,53886,231,0.231,0,0
adrsdt8,10,PAR,53886,55590,1704,1.704,0,0
adrsdt8,11,INV,55590,61451,5861,5.861,0,0
adrsdt8,12,INV,61451,64127,2676,2.676,0,0
adrsdt8,13,PAR,64127,67784,3657,3.657,0,0
adrsdt8,14,INV,67784,70416,2632,2.632,0,0
adrsdt8,15,PAR,70416,75458,5042,5.042,0,0
adrsdt8,16,INV,75458,81995,6537,6.537,0,0
adrsdt8,17,PAR,81995,88997,7002,7.002,0,0
adrsdt8,18,INV,88997,98072,9075,9.075,0,0
adrsdt8,19,PAR,98072,100141,2069,2.069,0,0
adrsdt8,20,INV,100141,124764,24623,24.623,0,0
adrsdt8,21,PAR,124764,127471,2707,2.707,0,0
adrsdt8,22,INV,127471,136217,8746,8.746,0,0
adrsdt8,23,PAR,136217,139143,2926,2.926,0,0
adrsdt8,24,INV,139143,141945,2802,2.802,0,0
adrsdt8,25,PAR,141945,142554,609,0.609,0,0
adrsdt8,26,INV,142554,143564,1010,1.01,0,0
adrsdt9,1,INV,0,2510,2510,2.51,0,0
adrsdt9,2,PAR,2000,6360,4360,4.36,0,510
adrsdt9,3,PAR,6360,10510,4150,4.15,0,0
adrsdt9,4,PAR,10510,12150,1640,1.64,0,0
adrsdt9,5,PAR,12150,13400,1250,1.25,0,0
adrsdt9,6,PAR,13400,13640,240,0.24,0,0
adrsdt9,7,PAR,13640,15834,2194,2.194,0,0
adrsdt9,8,PAR,15834,16850,1016,1.016,0,0
adrsdt9,9,PAR,16850,18800,1950,1.95,0,0
adrsdt9,10,PAR,18800,20573,1773,1.773,0,0
adrsdt9,11,PAR,20573,21850,1277,1.277,0,0
adrsdt9,12,PAR,21850,24920,3070,3.07,0,0
adrsdt9,13,PAR,24920,27349,2429,2.429,0,0
adrsdt9,14,PAR,27349,28895,1546,1.546,0,0
adrsdt9,15,PAR,28895,30700,1805,1.805,0,0
adrsdt9,16,PAR,30700,32919,2219,2.219,0,0
adrsdt9,17,PAR,32919,36060,3141,3.141,0,0
adrsdt9,18,PAR,36060,38700,2640,2.64,0,0
adrsdt9,19,PAR,38700,41601,2901,2.901,0,0
adrsdt9,20,PAR,41601,48811,7210,7.21,0,0
adrsdt9,21,PAR,48811,53135,4324,4.324,0,0
adrsdt9,22,INV,53135,54286,1151,1.151,0,0
adrsdt10,1,INV,0,1963,1963,1.963,0,0
adrsdt10,2,PAR,1963,7624,5661,5.661,0,0
adrsdt10,3,PAR,7624,11845,4221,4.221,0,0
adrsdt10,4,PAR,11845,15783,3938,3.938,0,0
adrsdt10,5,PAR,15783,21012,5229,5.229,0,0
adrsdt10,6,PAR,21012,25898,4886,4.886,0,0
adrsdt10,7,PAR,25898,28871,2973,2.973,0,0
adrsdt10,8,PAR,28871,32125,3254,3.254,0,0
adrsdt10,9,PAR,32125,38318,6193,6.193,0,0
adrsdt10,10,PAR,38318,47485,9167,9.167,0,0
adrsdt10,11,INV,47485,48372,887,0.887,0,0
adrsdt11,1,INV,0,9400,9400,9.4,0,0
adrsdt11,2,PAR,9400,11750,2350,2.35,0,0
adrsdt11,3,PAR,11750,18750,7000,7.0,0,0
adrsdt11,4,PAR,18750,25510,6760,6.76,0,0
adrsdt11,5,PAR,25510,28354,2844,2.844,0,0
adrsdt11,6,PAR,28354,31111,2757,2.757,0,0
adrsdt11,7,PAR,31111,36133,5022,5.022,0,0
adrsdt11,8,PAR,36133,38692,2559,2.559,0,0
adrsdt11,9,PAR,38692,41600,2908,2.908,0,0
adrsdt11,10,PAR,41600,46568,4968,4.968,0,0
adrsdt11,11,PAR,46568,52153,5585,5.585,0,0
adrsdt11,12,PAR,52153,58500,6347,6.347,0,0
adrsdt11,13,PAR,58500,70564,12064,12.064,0,0
adrsdt11,14,INV,70564,72884,2320,2.32,0,0
adrsdt12,1,PAR,0,2866,2866,2.866,0,0
adrsdt12,2,PAR,2866,6117,3251,3.251,0,0
adrsdt12,3,PAR,6117,22863,16746,16.746,0,0
adrsdt12,4,PAR,22863,30896,8033,8.033,0,0
adrsdt12,5,PAR,30896,34504,3608,3.608,0,0
adrsdt12,6,PAR,34504,36781,2277,2.277,0,0
adrsdt12,7,PAR,36781,39112,2331,2.331,0,0
adrsdt12,8,PAR,39112,42506,3394,3.394,0,0
adrsdt12,9,PAR,42506,45800,3294,3.294,0,0
adrsdt12,10,PAR,45800,47549,1749,1.749,0,0
adrsdt12,11,PAR,47549,51579,4030,4.03,0,0
adrsdt12,12,PAR,51579,57681,6102,6.102,0,0
adrsdt12,13,PAR,57681,60800,3119,3.119,0,0
adrsdt12,14,PAR,60800,63344,2544,2.544,0,0
adrsdt12,15,PAR,63344,71719,8375,8.375,0,0
adrsdt12,16,INV,71719,72823,1104,1.104,0,0
adrsdt13,1,INV,0,4702,4702,4.702,0,0
adrsdt13,2,PAR,4702,9091,4389,4.389,0,0
adrsdt13,3,PAR,9091,13850,4759,4.759,0,0
adrsdt13,4,PAR,13850,16000,2150,2.15,0,0
adrsdt13,5,PAR,16000,20000,4000,4.0,0,0
adrsdt13,6,PAR,20000,30400,10400,10.4,0,0
adrsdt13,7,PAR,30400,31610,1210,1.21,0,0
adrsdt13,8,INV,31610,32654,1044,1.044,0,0
adrsdt13,9,PAR,32654,34086,1432,1.432,0,0
adrsdt13,10,INV,34086,36918,2832,2.832,0,0
adrsdt14,1,INV,0,2594,2594,2.594,0,0
adrsdt14,2,INV,2594,4744,2150,2.15,0,0
adrsdt14,3,PAR,4744,11579,6835,6.835,0,0
adrsdt14,4,PAR,11579,16107,4528,4.528,0,0
adrsdt14,5,PAR,16107,19018,2911,2.911,0,0
adrsdt14,6,PAR,19018,22770,3752,3.752,0,0
adrsdt14,7,PAR,22770,25602,2832,2.832,0,0
adrsdt14,8,PAR,25602,27455,1853,1.853,0,0
adrsdt15,1,PAR,0,9700,9700,9.7,0,0
adrsdt15,2,PAR,9700,13079,3379,3.379,0,0
adrsdt15,3,PAR,13079,17658,4579,4.579,0,0
adrsdt15,4,PAR,17658,22388,4730,4.73,0,0
adrsdt16,1,PAR,0,6321,6321,6.321,0,0
adrsdt16,2,PAR,6321,10632,4311,4.311,0,0
adrsdt16,3,PAR,10632,13960,3328,3.328,0,0
adrsdt16,4,PAR,13960,20500,6540,6.54,0,0
adrsdt16,5,PAR,20500,22329,1829,1.829,0,0
adrsdt16,6,PAR,22329,26118,3789,3.789,0,0
adrsdt16,7,INV,26118,28656,2538,2.538,0,0
adrsdt17,1,INV,0,3100,3100,3.1,0,0
adrsdt17,2,PAR,3100,3603,503,0.503,0,0
adrsdt17,3,INV,3403,7460,4057,4.057,0,200
adrsdt17,4,PAR,7460,11363,3903,3.903,0,0
adrsdt17,5,PAR,11363,15702,4339,4.339,0,0
adrsdt17,6,PAR,15702,18162,2460,2.46,0,0
adrsdt17,7,PAR,18162,25836,7674,7.674,0,0
adrsdt17,8,PAR,25836,30521,4685,4.685,0,0
adrsdt17,9,PAR,30521,36373,5852,5.852,0,0
adrsdt17,10,PAR,36373,37400,1027,1.027,0,0
adrsdt17,11,PAR,37400,38800,1400,1.4,0,0
adrsdt17,12,PAR,38800,43563,4763,4.763,0,0
adrsdt17,13,PAR,43563,49959,6396,6.396,0,0
adrsdt17,14,INV,49600,50900,1300,1.3,0,359
adrsdt18,1,INV,0,2023,2023,2.023,0,0
adrsdt18,2,PAR,2023,9575,7552,7.552,0,0
adrsdt18,3,PAR,9575,14692,5117,5.117,0,0
adrsdt18,4,PAR,14692,19312,4620,4.62,0,0
adrsdt18,5,PAR,19312,27453,8141,8.141,0,0
adrsdt18,6,PAR,27453,30571,3118,3.118,0,0
adrsdt18,7,PAR,30571,32028,1457,1.457,0,0
adrsdt18,8,PAR,32028,33075,1047,1.047,0,0
adrsdt18,9,PAR,33075,39205,6130,6.13,0,0
adrsdt18,10,PAR,39205,43486,4281,4.281,0,0
adrsdt18,11,PAR,43486,48418,4932,4.932,0,0
adrsdt18,12,PAR,48418,51718,3300,3.3,0,0
adrsdt18,13,PAR,51718,55220,3502,3.502,0,0
adrsdt18,14,PAR,55220,57774,2554,2.554,0,0
adrsdt18,15,INV,57774,60281,2507,2.507,0,0
adrsdt18,16,PAR,60281,64920,4639,4.639,0,0
adrsdt18,17,PAR,64920,67364,2444,2.444,0,0
adrsdt18,18,PAR,67364,69818,2454,2.454,0,0
adrsdt18,19,INV,67500,69296,1796,1.796,0,2318
adrsdt18,20,PAR,69818,75000,5182,5.182,522,0
adrsdt18,21,INV,73879,75004,1125,1.125,0,1121
adrsdt18,22,INV,75004,76898,1894,1.894,0,0
adrsdt18,23,PAR,76898,84629,7731,7.731,0,0
adrsdt18,24,PAR,84629,91621,6992,6.992,0,0
adrsdt18,25,PAR,91621,94895,3274,3.274,0,0
adrsdt18,26,PAR,94895,97000,2105,2.105,0,0
adrsdt18,27,PAR,97000,100508,3508,3.508,0,0
adrsdt18,28,PAR,100508,102253,1745,1.745,0,0
adrsdt18,29,INV,102253,103344,1091,1.091,0,0
adrsdt18,30,PAR,103344,105114,1770,1.77,0,0
adrsdt18,31,INV,105114,105820,706,0.706,0,0
adrsdt18,32,PAR,105200,106795,1595,1.595,0,620
adrsdt18,33,PAR,106795,109599,2804,2.804,0,0
adrsdt18,34,PAR,109599,116077,6478,6.478,0,0
adrsdt19,1,INV,0,7005,7005,7.005,0,0
adrsdt19,2,INV,7005,9059,2054,2.054,0,0
adrsdt19,3,PAR,9059,12529,3470,3.47,0,0
adrsdt19,4,INV,12529,16170,3641,3.641,0,0
adrsdt19,5,PAR,16170,20887,4717,4.717,0,0
adrsdt19,6,INV,20887,23207,2320,2.32,0,0
adrsdt19,7,PAR,23207,27270,4063,4.063,0,0
adrsdt19,8,INV,27270,33151,5881,5.881,0,0
adrsdt19,9,PAR,33151,35936,2785,2.785,0,0
adrsdt19,10,PAR,35936,41166,5230,5.23,0,0
adrsdt19,11,PAR,41166,52885,11719,11.719,0,0
adrsdt19,12,PAR,52885,59578,6693,6.693,0,0
adrsdt19,13,PAR,59578,63670,4092,4.092,0,0
adrsdt19,14,INV,63670,65632,1962,1.962,0,0
adrsdt20,1,PAR,0,522,522,0.522,0,0
adrsdt20,2,INV,552,3194,2642,2.642,30,0
adrsdt20,3,PAR,3194,7004,3810,3.81,0,0
adrsdt20,4,INV,7004,8065,1061,1.061,0,0
adrsdt20,5,PAR,8065,12532,4467,4.467,0,0
adrsdt20,6,INV,12532,13354,822,0.822,0,0
adrsdt20,7,PAR,13354,16355,3001,3.001,0,0
adrsdt20,8,PAR,16355,18799,2444,2.444,0,0
adrsdt20,9,PAR,18799,20333,1534,1.534,0,0
adrsdt20,10,PAR,20333,24483,4150,4.15,0,0
adrsdt20,11,PAR,24483,31332,6849,6.849,0,0
adrsdt20,12,PAR,31332,34342,3010,3.01,0,0
adrsdt20,13,PAR,34342,35222,880,0.88,0,0
adrsdt20,14,INV,34502,36108,1606,1.606,0,720
adrsdt20,15,PAR,36108,37900,1792,1.792,0,0
adrsdt20,16,PAR,37900,42191,4291,4.291,0,0
adrsdt20,17,PAR,42191,46680,4489,4.489,0,0
adrsdt20,18,PAR,46680,50500,3820,3.82,0,0
adrsdt20,19,PAR,50500,64401,13901,13.901,0,0
adrsdt20,20,PAR,64401,76401,12000,12.0,0,0
adrsdt20,21,PAR,76401,82066,5665,5.665,0,0
adrsdt20,22,PAR,82066,87061,4995,4.995,0,0
adrsdt20,23,INV,87061,89553,2492,2.492,0,0
adrsdt20,24,PAR,89553,90917,1364,1.364,0,0
adrsdt20,25,PAR,90917,100540,9623,9.623,0,0
adrsdt20,26,PAR,100540,108754,8214,8.214,0,0
adrsdt20,27,PAR,108754,122550,13796,13.796,0,0
adrsdt20,28,PAR,122550,126325,3775,3.775,0,0
adrsdt20,29,INV,126325,127401,1076,1.076,0,0
adrsdt20,30,PAR,127401,134740,7339,7.339,0,0
adrsdt21,1,INV,0,3690,3690,3.69,0,0
adrsdt21,2,INV,3690,5151,1461,1.461,0,0
adrsdt21,3,PAR,5151,9766,4615,4.615,0,0
adrsdt21,4,PAR,9766,11876,2110,2.11,0,0
adrsdt21,5,PAR,11876,18816,6940,6.94,0,0
adrsdt21,6,PAR,18816,23105,4289,4.289,0,0
adrsdt21,7,PAR,23105,25084,1979,1.979,0,0
adrsdt21,8,PAR,25084,29331,4247,4.247,0,0
adrsdt21,9,PAR,29331,34251,4920,4.92,0,0
adrsdt21,10,INV,34251,35455,1204,1.204,0,0
adrsdt21,11,PAR,35455,42410,6955,6.955,0,0
adrsdt21,12,PAR,42410,47399,4989,4.989,0,0
adrsdt21,13,PAR,47399,48645,1246,1.246,0,0
adrsdt21,14,PAR,48645,52901,4256,4.256,0,0
adrsdt21,15,INV,52901,54215,1314,1.314,0,0
adrsdt21,16,PAR,54215,58678,4463,4.463,0,0
adrsdt21,17,INV,58678,59488,810,0.81,0,0
adrsdt22,1,INV,0,3972,3972,3.972,0,0
adrsdt22,2,PAR,3972,8850,4878,4.878,0,0
adrsdt22,3,PAR,8950,11400,2450,2.45,100,0
adrsdt22,4,PAR,11400,16529,5129,5.129,0,0
adrsdt22,5,PAR,16529,21200,4671,4.671,0,0
adrsdt22,6,PAR,21200,27004,5804,5.804,0,0
adrsdt22,7,PAR,27004,37689,10685,10.685,0,0
adrsdt22,8,PAR,37689,42100,4411,4.411,0,0
adrsdt22,9,PAR,42100,46800,4700,4.7,0,0
adrsdt22,10,PAR,46800,56300,9500,9.5,0,0
adrsdt22,11,PAR,56300,61000,4700,4.7,0,0
adrsdt22,12,PAR,61000,64109,3109,3.109,0,0
adrsdt22,13,PAR,64109,66303,2194,2.194,0,0
adrsdt22,14,PAR,66303,68698,2395,2.395,0,0
adrsdt22,15,PAR,68698,70977,2279,2.279,0,0
adrsdt22,16,PAR,70977,72750,1773,1.773,0,0
adrsdt22,17,PAR,72750,74735,1985,1.985,0,0
adrsdt22,18,INV,74735,75438,703,0.703,0,0
adrsdt23,1,INV,0,1497,1497,1.497,0,0
adrsdt23,2,PAR,1497,7799,6302,6.302,0,0
adrsdt23,3,PAR,7799,13769,5970,5.97,0,0
adrsdt23,4,PAR,13769,22991,9222,9.222,0,0
adrsdt23,5,PAR,22991,32297,9306,9.306,0,0
adrsdt23,6,PAR,32297,38024,5727,5.727,0,0
adrsdt23,7,PAR,38024,40140,2116,2.116,0,0
adrsdt23,8,PAR,40140,45429,5289,5.289,0,0
adrsdt23,9,PAR,45429,55820,10391,10.391,0,0
adrsdt23,10,PAR,55820,58549,2729,2.729,0,0
adrsdt23,11,INV,58549,61056,2507,2.507,0,0
adrsdt24,1,INV,0,3814,3814,3.814,0,0
adrsdt24,2,INV,4545,9309,4764,4.764,731,0
adrsdt24,3,INV,9309,15583,6274,6.274,0,0
adrsdt24,4,INV,15583,26606,11023,11.023,0,0
adrsdt24,5,PAR,26606,28174,1568,1.568,0,0
adrsdt24,6,INV,28174,29031,857,0.857,0,0
adrsdt24,7,PAR,29558,37665,8107,8.107,527,0
adrsdt24,8,PAR,37665,41353,3688,3.688,0,0
adrsdt24,9,PAR,41353,45593,4240,4.24,0,0
adrsdt24,10,PAR,45593,52094,6501,6.501,0,0
adrsdt24,11,PAR,51703,56248,4545,4.545,0,391
adrsdt24,12,PAR,56248,64761,8513,8.513,0,0
adrsdt24,13,PAR,64761,68993,4232,4.232,0,0
adrsdt24,14,PAR,68993,75592,6599,6.599,0,0
adrsdt24,15,PAR,75592,83638,8046,8.046,0,0
adrsdt24,16,PAR,83638,88899,5261,5.261,0,0
adrsdt24,17,INV,88899,91793,2894,2.894,0,0
adrsdt25,1,INV,0,2957,2957,2.957,0,0
adrsdt25,2,PAR,2957,7429,4472,4.472,0,0
adrsdt25,3,PAR,7429,14801,7372,7.372,0,0
adrsdt25,4,PAR,14801,17168,2367,2.367,0,0
adrsdt25,5,PAR,17168,22225,5057,5.057,0,0
adrsdt25,6,PAR,22225,26465,4240,4.24,0,0
adrsdt25,7,PAR,26465,29300,2835,2.835,0,0
adrsdt25,8,PAR,29300,37100,7800,7.8,0,0
adrsdt25,9,PAR,37100,39096,1996,1.996,0,0
adrsdt25,10,PAR,39096,40500,1404,1.404,0,0
adrsdt25,11,INV,39800,41059,1259,1.259,0,700
adrsdt25,12,PAR,41059,46661,5602,5.602,0,0
adrsdt25,13,PAR,46661,57318,10657,10.657,0,0
adrsdt25,14,PAR,57318,59150,1832,1.832,0,0
adrsdt25,15,PAR,59150,60650,1500,1.5,0,0
adrsdt25,16,PAR,60800,63160,2360,2.36,150,0
adrsdt25,17,INV,63160,63509,349,0.349,0,0
adrsdt25,18,INV,63509,64125,616,0.616,0,0
adrsdt26,1,PAR,0,4952,4952,4.952,0,0
adrsdt26,2,PAR,4952,8300,3348,3.348,0,0
adrsdt26,3,PAR,8300,12160,3860,3.86,0,0
adrsdt26,4,PAR,12160,17905,5745,5.745,0,0
adrsdt26,5,PAR,17905,22381,4476,4.476,0,0
adrsdt26,6,PAR,22381,26406,4025,4.025,0,0
adrsdt26,7,PAR,26406,28326,1920,1.92,0,0
adrsdt26,8,PAR,28326,29880,1554,1.554,0,0
adrsdt26,9,PAR,29880,33754,3874,3.874,0,0
adrsdt26,10,PAR,33754,35293,1539,1.539,0,0
adrsdt27,1,INV,0,7987,7987,7.987,0,0
adrsdt27,2,PAR,7987,10000,2013,2.013,0,0
adrsdt27,3,PAR,10000,18550,8550,8.55,0,0
adrsdt27,4,PAR,18550,23582,5032,5.032,0,0
adrsdt27,5,PAR,23582,35239,11657,11.657,0,0
adrsdt27,6,PAR,35239,50200,14961,14.961,0,0
adrsdt27,7,PAR,50200,55666,5466,5.466,0,0
adrsdt27,8,PAR,55666,59374,3708,3.708,0,0
adrsdt27,9,PAR,59374,73956,14582,14.582,0,0
adrsdt27,10,PAR,73956,81005,7049,7.049,0,0
adrsdt27,11,PAR,81005,90763,9758,9.758,0,0
adrsdt27,12,PAR,90763,95188,4425,4.425,0,0
adrsdt27,13,INV,95188,96900,1712,1.712,0,0
adrsdt27,14,PAR,96900,99600,2700,2.7,0,0
adrsdt28,1,INV,0,2865,2865,2.865,0,0
adrsdt28,2,PAR,2865,4428,1563,1.563,0,0
adrsdt28,3,INV,4428,5989,1561,1.561,0,0
adrsdt28,4,PAR,5989,9633,3644,3.644,0,0
adrsdt28,5,PAR,9633,11763,2130,2.13,0,0
adrsdt28,6,PAR,11763,14367,2604,2.604,0,0
adrsdt28,7,PAR,14367,18477,4110,4.11,0,0
adrsdt28,8,PAR,18477,24063,5586,5.586,0,0
adrsdt28,9,PAR,24063,26552,2489,2.489,0,0
adrsdt28,10,PAR,26552,31969,5417,5.417,0,0
adrsdt28,11,PAR,31969,37337,5368,5.368,0,0
adrsdt28,12,PAR,37337,38396,1059,1.059,0,0
adrsdt28,13,PAR,38396,41872,3476,3.476,0,0
adrsdt28,14,INV,41222,42597,1375,1.375,0,650
adrsdt28,15,PAR,42597,46000,3403,3.403,0,0
adrsdt28,16,INV,46000,46670,670,0.67,0,0
adrsdt28,17,INV,46670,47779,1109,1.109,0,0
adrsdt28,18,PAR,47779,50200,2421,2.421,0,0
adrsdt28,19,INV,50000,51107,1107,1.107,0,200
adrsdt28,20,INV,51107,52341,1234,1.234,0,0
adrsdt28,21,INV,52341,54850,2509,2.509,0,0
adrsdt28,22,PAR,54850,55565,715,0.715,0,0
adrsdt28,23,INV,55565,58491,2926,2.926,0,0
adrsdt28,24,PAR,58491,61300,2809,2.809,0,0
adrsdt28,25,PAR,61300,63097,1797,1.797,0,0
adrsdt28,26,INV,63097,66600,3503,3.503,0,0
adrsdt28,27,INV,66600,67130,530,0.53,0,0
adrsdt28,28,INV,67130,68000,870,0.87,0,0
adrsdt28,29,PAR,68000,68730,730,0.73,0,0
adrsdt29,1,INV,0,1948,1948,1.948,0,0
adrsdt29,2,PAR,1948,9759,7811,7.811,0,0
adrsdt29,3,INV,9759,15644,5885,5.885,0,0
adrsdt29,4,PAR,15644,19209,3565,3.565,0,0
adrsdt29,5,INV,19209,26674,7465,7.465,0,0
adrsdt29,6,INV,26674,29353,2679,2.679,0,0
adrsdt29,7,INV,29353,31034,1681,1.681,0,0
adrsdt29,8,PAR,31034,34039,3005,3.005,0,0
adrsdt29,9,INV,34039,35299,1260,1.26,0,0
adrsdt29,10,INV,35299,37837,2538,2.538,0,0
adrsdt29,11,PAR,37837,42809,4972,4.972,0,0
adrsdt29,12,INV,42809,45800,2991,2.991,0,0
adrsdt29,13,INV,45800,47703,1903,1.903,0,0
adrsdt29,14,INV,47703,50400,2697,2.697,0,0
adrsdt29,15,INV,50400,52978,2578,2.578,0,0
adrsdt29,16,PAR,52978,55955,2977,2.977,0,0
adrsdt29,17,INV,54242,54879,637,0.637,0,1713
adrsdt29,18,INV,55955,56934,979,0.979,1076,0
adrsdt29,19,PAR,56934,61803,4869,4.869,0,0
adrsdt29,20,INV,61803,64330,2527,2.527,0,0
adrsdt29,21,PAR,64330,68500,4170,4.17,0,0
adrsdt29,22,PAR,68500,72722,4222,4.222,0,0
adrsdt29,23,INV,72722,74551,1829,1.829,0,0
adrsdt30,1,INV,0,863,863,0.863,0,0
adrsdt30,2,PAR,863,15926,15063,15.063,0,0
adrsdt30,3,PAR,15926,17852,1926,1.926,0,0
adrsdt30,4,PAR,17852,23453,5601,5.601,0,0
adrsdt30,5,PAR,23453,26411,2958,2.958,0,0
adrsdt30,6,PAR,26411,29883,3472,3.472,0,0
adrsdt30,7,PAR,29883,33590,3707,3.707,0,0
adrsdt30,8,PAR,33590,40514,6924,6.924,0,0
adrsdt30,9,PAR,40514,52108,11594,11.594,0,0
adrsdt30,10,INV,52108,53355,1247,1.247,0,0
adrsdt30,11,PAR,53355,81773,28418,28.418,0,0
adrsdt30,12,INV,81773,82532,759,0.759,0,0
adrsdt30,13,PAR,81832,82845,1013,1.013,0,700
adrsdt30,14,INV,82845,83932,1087,1.087,0,0
adrsdt30,15,INV,83932,84351,419,0.419,0,0
adrsdt30,16,PAR,84351,85832,1481,1.481,0,0
adrsdt30,17,PAR,85832,89878,4046,4.046,0,0
adrsdt30,18,INV,89878,90659,781,0.781,0,0
adrsdt30,19,INV,90659,91716,1057,1.057,0,0
adrsdt31,1,PAR,0,3957,3957,3.957,0,0
adrsdt31,2,PAR,3957,12857,8900,8.9,0,0
adrsdt31,3,PAR,12826,15114,2288,2.288,0,31
adrsdt31,4,PAR,15114,20622,5508,5.508,0,0
adrsdt31,5,PAR,20622,24498,3876,3.876,0,0
adrsdt31,6,INV,24498,25308,810,0.81,0,0
adrsdt32,1,PAR,0,2004,2004,2.004,0,0
adrsdt32,2,INV,2004,2897,893,0.893,0,0
adrsdt32,3,PAR,2897,4589,1692,1.692,0,0
adrsdt32,4,INV,4589,5389,800,0.8,0,0
adrsdt32,5,PAR,4600,5389,789,0.789,0,789
adrsdt32,6,PAR,5389,9118,3729,3.729,0,0
adrsdt32,7,INV,9118,10119,1001,1.001,0,0
adrsdt32,8,PAR,10119,13300,3181,3.181,0,0
adrsdt32,9,PAR,13300,14883,1583,1.583,0,0
adrsdt32,10,INV,14883,15580,697,0.697,0,0
adrsdt32,11,PAR,15580,24770,9190,9.19,0,0
adrsdt32,12,INV,24270,25308,1038,1.038,0,500
adrsdt32,13,PAR,25308,30447,5139,5.139,0,0
adrsdt32,14,PAR,30447,34555,4108,4.108,0,0
adrsdt32,15,PAR,34555,37868,3313,3.313,0,0
adrsdt32,16,PAR,37868,52373,14505,14.505,0,0
adrsdt32,17,PAR,52373,57755,5382,5.382,0,0
adrsdt32,18,INV,57755,58444,689,0.689,0,0
adrsdt32,19,PAR,58444,60825,2381,2.381,0,0
adrsdt32,20,PAR,60825,70397,9572,9.572,0,0
adrsdt32,21,PAR,70397,86099,15702,15.702,0,0
adrsdt32,22,PAR,86099,90200,4101,4.101,0,0
adrsdt32,23,INV,89400,90200,800,0.8,0,800
adrsdt32,24,PAR,90200,90650,450,0.45,0,0
adrsdt32,25,PAR,90650,91969,1319,1.319,0,0
adrsdt32,26,INV,91969,93515,1546,1.546,0,0
adrsdt32,27,PAR,92400,97300,4900,4.9,0,1115
adrsdt32,28,PAR,97300,101828,4528,4.528,0,0
adrsdt32,29,INV,101828,102909,1081,1.081,0,0
adrsdt32,30,PAR,102909,117300,14391,14.391,0,0
adrsdt32,31,INV,114587,115400,813,0.813,0,2713
adrsdt32,32,PAR,117300,121553,4253,4.253,1900,0
adrsdt32,33,PAR,121553,122634,1081,1.081,0,0
adrsdt32,34,PAR,122634,123300,666,0.666,0,0
adrsdt32,35,PAR,123300,124381,1081,1.081,0,0
adrsdt32,36,INV,125178,125844,666,0.666,797,0
adrsdt32,37,INV,125844,126505,661,0.661,0,0
adrsdt32,38,PAR,126123,127304,1181,1.181,0,382
adrsdt32,39,PAR,127304,128836,1532,1.532,0,0
adrsdt33,1,INV,0,800,800,0.8,0,0
adrsdt33,2,INV,800,1697,897,0.897,0,0
adrsdt33,3,PAR,1697,6649,4952,4.952,0,0
adrsdt33,4,PAR,6649,11051,4402,4.402,0,0
adrsdt33,5,PAR,11051,24204,13153,13.153,0,0
adrsdt33,6,PAR,24204,27471,3267,3.267,0,0
adrsdt33,7,PAR,27471,30303,2832,2.832,0,0
adrsdt33,8,PAR,30303,39703,9400,9.4,0,0
adrsdt33,9,INV,39703,48761,9058,9.058,0,0
adrsdt33,10,INV,48761,49943,1182,1.182,0,0
adrsdt33,11,PAR,49943,53730,3787,3.787,0,0
adrsdt33,12,INV,53730,54988,1258,1.258,0,0
adrsdt33,13,PAR,54988,59734,4746,4.746,0,0
adrsdt33,14,PAR,59734,63219,3485,3.485,0,0
adrsdt34,1,INV,0,2100,2100,2.1,0,0
adrsdt34,2,PAR,2100,7300,5200,5.2,0,0
adrsdt34,3,PAR,7300,11780,4480,4.48,0,0
adrsdt34,4,PAR,11780,14789,3009,3.009,0,0
adrsdt34,5,PAR,14789,18363,3574,3.574,0,0
adrsdt34,6,PAR,18363,19827,1464,1.464,0,0
adrsdt34,7,PAR,19827,21090,1263,1.263,0,0
adrsdt34,8,INV,21090,25448,4358,4.358,0,0
adrsdt34,9,PAR,25448,28900,3452,3.452,0,0
adrsdt34,10,INV,28917,29800,883,0.883,17,0
adrsdt35,1,INV,0,2429,2429,2.429,0,0
adrsdt35,2,PAR,2429,8000,5571,5.571,0,0
adrsdt35,3,PAR,8000,16545,8545,8.545,0,0
adrsdt35,4,PAR,16545,25551,9006,9.006,0,0
adrsdt35,5,PAR,25551,28656,3105,3.105,0,0
adrsdt35,6,PAR,28656,35967,7311,7.311,0,0
adrsdt35,7,PAR,35967,55361,19394,19.394,0,0
adrsdt35,8,PAR,55361,65614,10253,10.253,0,0
adrsdt35,9,PAR,65614,69369,3755,3.755,0,0
adrsdt35,10,PAR,69369,74305,4936,4.936,0,0
adrsdt35,11,PAR,74305,87280,12975,12.975,0,0
adrsdt35,12,PAR,87280,89397,2117,2.117,0,0
adrsdt35,13,PAR,89397,102456,13059,13.059,0,0
adrsdt35,14,PAR,102456,106882,4426,4.426,0,0
adrsdt35,15,PAR,106882,110400,3518,3.518,0,0
adrsdt35,16,INV,110400,115714,5314,5.314,0,0
adrsdt35,17,PAR,115714,136973,21259,21.259,0,0
adrsdt35,18,PAR,136973,141428,4455,4.455,0,0
adrsdt35,19,INV,141428,147100,5672,5.672,0,0
adrsdt35,20,PAR,147100,148905,1805,1.805,0,0
adrsdt35,21,INV,148505,149346,841,0.841,0,400
adrsdt36,1,PAR,0,897,897,0.897,0,0
adrsdt36,2,INV,897,1963,1066,1.066,0,0
adrsdt36,3,PAR,1963,7183,5220,5.22,0,0
adrsdt36,4,PAR,7183,12888,5705,5.705,0,0
adrsdt36,5,PAR,12888,20765,7877,7.877,0,0
adrsdt36,6,PAR,20765,29623,8858,8.858,0,0
adrsdt36,7,PAR,29623,38585,8962,8.962,0,0
adrsdt36,8,PAR,38585,42250,3665,3.665,0,0
adrsdt36,9,PAR,42250,43701,1451,1.451,0,0
adrsdt36,10,PAR,43701,55661,11960,11.96,0,0
adrsdt36,11,INV,55661,56139,478,0.478,0,0
adrsdt36,12,PAR,56139,63954,7815,7.815,0,0
adrsdt36,13,PAR,63954,65417,1463,1.463,0,0
adrsdt36,14,PAR,65417,66314,897,0.897,0,0
adrsdt36,15,INV,65600,66897,1297,1.297,0,714
adrsdt37,1,INV,0,2397,2397,2.397,0,0
adrsdt37,2,PAR,2397,6600,4203,4.203,0,0
adrsdt37,3,PAR,6600,11851,5251,5.251,0,0
adrsdt37,4,INV,11851,14700,2849,2.849,0,0
adrsdt37,5,PAR,14700,18615,3915,3.915,0,0
adrsdt37,6,INV,18615,22438,3823,3.823,0,0
adrsdt37,7,PAR,22438,27011,4573,4.573,0,0
adrsdt37,8,PAR,27011,27676,665,0.665,0,0
adrsdt37,9,PAR,27676,31938,4262,4.262,0,0
adrsdt37,10,PAR,31938,38068,6130,6.13,0,0
adrsdt37,11,PAR,38068,41541,3473,3.473,0,0
adrsdt37,12,PAR,41541,45214,3673,3.673,0,0
adrsdt37,13,PAR,45214,51328,6114,6.114,0,0
adrsdt37,14,INV,51328,59550,8222,8.222,0,0
adrsdt37,15,INV,59550,61913,2363,2.363,0,0
adrsdt37,16,PAR,61913,62613,700,0.7,0,0
adrsdt37,17,INV,62230,63125,895,0.895,0,383
adrsdt37,18,PAR,63125,65398,2273,2.273,0,0
adrsdt37,19,INV,65398,66708,1310,1.31,0,0
adrsdt37,20,INV,66708,68590,1882,1.882,0,0
adrsdt37,21,PAR,68590,72000,3410,3.41,0,0
adrsdt37,22,PAR,72000,73957,1957,1.957,0,0
adrsdt37,23,INV,73957,75017,1060,1.06,0,0
adrsdt37,24,INV,75017,78254,3237,3.237,0,0
adrsdt37,25,PAR,78254,82938,4684,4.684,0,0
adrsdt37,26,INV,82938,85398,2460,2.46,0,0
adrsdt37,27,PAR,85398,91716,6318,6.318,0,0
adrsdt37,28,PAR,91716,93050,1334,1.334,0,0
adrsdt37,29,INV,93050,94000,950,0.95,0,0
adrsdt37,30,INV,94000,96045,2045,2.045,0,0
adrsdt37,31,PAR,96045,100464,4419,4.419,0,0
adrsdt37,32,INV,100464,105250,4786,4.786,0,0
adrsdt37,33,INV,105250,106564,1314,1.314,0,0
adrsdt38,1,INV,0,1494,1494,1.494,0,0
adrsdt38,2,PAR,1494,4795,3301,3.301,0,0
adrsdt38,3,PAR,4795,9747,4952,4.952,0,0
adrsdt38,4,PAR,9747,13123,3376,3.376,0,0
adrsdt38,5,PAR,13123,14942,1819,1.819,0,0
adrsdt38,6,PAR,14942,20602,5660,5.66,0,0
adrsdt38,7,PAR,20602,22022,1420,1.42,0,0
adrsdt38,8,PAR,22022,24389,2367,2.367,0,0
adrsdt38,9,PAR,27418,29188,1770,1.77,3029,0
adrsdt38,10,PAR,29188,30834,1646,1.646,0,0
adrsdt38,11,PAR,30634,31932,1298,1.298,0,200
adrsdt38,12,PAR,31932,33746,1814,1.814,0,0
adrsdt38,13,PAR,33746,36621,2875,2.875,0,0
adrsdt38,14,PAR,36621,44984,8363,8.363,0,0
adrsdt38,15,INV,44984,45871,887,0.887,0,0
adrsdt38,16,PAR,45871,51942,6071,6.071,0,0
adrsdt38,17,PAR,51942,56174,4232,4.232,0,0
adrsdt38,18,INV,56174,57359,1185,1.185,0,0
adrsdt38,19,PAR,57359,60178,2819,2.819,0,0
adrsdt38,20,PAR,60178,62123,1945,1.945,0,0
adrsdt38,21,PAR,61920,67459,5539,5.539,0,203
adrsdt38,22,INV,67459,70042,2583,2.583,0,0
adrsdt38,23,PAR,70042,70558,516,0.516,0,0
adrsdt38,24,INV,70558,71273,715,0.715,0,0
adrsdt39,1,INV,0,2194,2194,2.194,0,0
adrsdt39,2,PAR,2194,10772,8578,8.578,0,0
adrsdt39,3,PAR,10772,13085,2313,2.313,0,0
adrsdt39,4,PAR,13085,17820,4735,4.735,0,0
adrsdt39,5,PAR,17820,23767,5947,5.947,0,0
adrsdt39,6,INV,23767,31265,7498,7.498,0,0
adrsdt39,7,INV,31265,35454,4189,4.189,0,0
adrsdt39,8,INV,35454,36385,931,0.931,0,0
adrsdt39,9,INV,36385,41200,4815,4.815,0,0
adrsdt39,10,INV,41200,42900,1700,1.7,0,0
adrsdt39,11,PAR,42900,44573,1673,1.673,0,0
adrsdt39,12,PAR,44573,47127,2554,2.554,0,0
adrsdt39,13,INV,47127,48586,1459,1.459,0,0
adrsdt39,14,INV,48586,49916,1330,1.33,0,0
adrsdt39,15,PAR,49916,62815,12899,12.899,0,0
adrsdt39,16,PAR,62815,74000,11185,11.185,0,0
adrsdt39,17,PAR,74000,77864,3864,3.864,0,0
adrsdt39,18,INV,77864,81460,3596,3.596,0,0
adrsdt39,19,PAR,81460,91141,9681,9.681,0,0
adrsdt39,20,INV,91141,94101,2960,2.96,0,0
adrsdt39,21,PAR,94101,98900,4799,4.799,0,0
adrsdt39,22,INV,98900,105000,6100,6.1,0,0
adrsdt39,23,INV,105000,107215,2215,2.215,0,0
adrsdt40,1,PAR,0,2040,2040,2.04,0,0
adrsdt40,2,PAR,2040,10951,8911,8.911,0,0
adrsdt40,3,PAR,10951,20972,10021,10.021,0,0
adrsdt40,4,PAR,20972,24545,3573,3.573,0,0
adrsdt40,5,PAR,24545,26709,2164,2.164,0,0
adrsdt40,6,PAR,26709,30685,3976,3.976,0,0
adrsdt40,7,PAR,30685,31851,1166,1.166,0,0
adrsdt40,8,PAR,31851,36537,4686,4.686,0,0
adrsdt40,9,PAR,36537,40939,4402,4.402,0,0
adrsdt41,1,PAR,0,7580,7580,7.58,0,0
adrsdt41,2,PAR,7580,10330,2750,2.75,0,0
adrsdt41,3,PAR,10330,12000,1670,1.67,0,0
adrsdt41,4,PAR,12000,13277,1277,1.277,0,0
adrsdt41,5,PAR,13277,22111,8834,8.834,0,0
adrsdt41,6,PAR,22111,24421,2310,2.31,0,0
adrsdt41,7,PAR,24342,28182,3840,3.84,0,79
adrsdt41,8,INV,27674,28249,575,0.575,0,508
adrsdt42,1,PAR,0,3026,3026,3.026,0,0
adrsdt42,2,PAR,3026,5222,2196,2.196,0,0
adrsdt42,3,PAR,5222,10159,4937,4.937,0,0
adrsdt42,4,PAR,10159,13633,3474,3.474,0,0
adrsdt42,5,PAR,13633,17655,4022,4.022,0,0
adrsdt42,6,PAR,17655,22210,4555,4.555,0,0
adrsdt42,7,PAR,22210,25320,3110,3.11,0,0
adrsdt42,8,PAR,25320,27996,2676,2.676,0,0
adrsdt42,9,INV,27996,30822,2826,2.826,0,0
adrsdt42,10,INV,30822,34504,3682,3.682,0,0
adrsdt43,1,PAR,0,2177,2177,2.177,0,0
adrsdt43,2,PAR,2177,4500,2323,2.323,0,0
adrsdt43,3,PAR,4500,6817,2317,2.317,0,0
adrsdt43,4,PAR,6817,15363,8546,8.546,0,0
adrsdt43,5,PAR,15363,18461,3098,3.098,0,0
adrsdt43,6,PAR,18461,26033,7572,7.572,0,0
adrsdt43,7,PAR,26033,29493,3460,3.46,0,0
adrsdt43,8,PAR,29493,32250,2757,2.757,0,0
adrsdt43,9,PAR,32250,37492,5242,5.242,0,0
adrsdt43,10,PAR,37492,39049,1557,1.557,0,0
adrsdt43,11,PAR,39049,42053,3004,3.004,0,0
adrsdt43,12,PAR,42053,46083,4030,4.03,0,0
adrsdt43,13,PAR,46083,51315,5232,5.232,0,0
adrsdt43,14,PAR,51315,58564,7249,7.249,0,0
adrsdt43,15,PAR,58564,71962,13398,13.398,0,0
adrsdt43,16,PAR,71962,82859,10897,10.897,0,0
adrsdt43,17,PAR,82859,92184,9325,9.325,0,0
adrsdt43,18,PAR,92184,104525,12341,12.341,0,0
adrsdt43,19,PAR,104525,108111,3586,3.586,0,0
adrsdt43,20,PAR,108111,113706,5595,5.595,0,0
adrsdt43,21,PAR,113706,122000,8294,8.294,0,0
adrsdt43,22,PAR,122000,124072,2072,2.072,0,0
adrsdt43,23,PAR,124072,133321,9249,9.249,0,0
adrsdt43,24,INV,133321,135015,1694,1.694,0,0
adrsdt44,1,INV,0,3300,3300,3.3,0,0
adrsdt44,2,PAR,2300,3410,1110,1.11,0,1000
adrsdt44,3,INV,3410,5436,2026,2.026,0,0
adrsdt44,4,PAR,5436,9716,4280,4.28,0,0
adrsdt44,5,PAR,9716,17014,7298,7.298,0,0
adrsdt44,6,PAR,17014,21100,4086,4.086,0,0
adrsdt44,7,PAR,21100,26000,4900,4.9,0,0
adrsdt44,8,INV,26000,27000,1000,1.0,0,0
adrsdt44,9,PAR,27000,34778,7778,7.778,0,0
adrsdt44,10,PAR,34778,36636,1858,1.858,0,0
adrsdt44,11,INV,36636,52947,16311,16.311,0,0
adrsdt44,12,PAR,52947,57727,4780,4.78,0,0
adrsdt44,13,PAR,57727,62000,4273,4.273,0,0
adrsdt44,14,PAR,62000,71140,9140,9.14,0,0
adrsdt44,15,INV,71140,73200,2060,2.06,0,0
adrsdt44,16,INV,73200,74256,1056,1.056,0,0
adrsdt44,17,PAR,74256,81000,6744,6.744,0,0
adrsdt44,18,PAR,81000,85714,4714,4.714,0,0
adrsdt44,19,PAR,85714,91087,5373,5.373,0,0
adrsdt44,20,INV,91087,100049,8962,8.962,0,0
adrsdt44,21,PAR,100049,105900,5851,5.851,0,0
adrsdt44,22,PAR,105900,108733,2833,2.833,0,0
adrsdt44,23,INV,108733,123844,15111,15.111,0,0
adrsdt44,24,PAR,123844,125260,1416,1.416,0,0
adrsdt44,25,INV,125260,125932,672,0.672,0,0
adrsdt45,1,INV,0,2413,2413,2.413,0,0
adrsdt45,2,PAR,2413,10290,7877,7.877,0,0
adrsdt45,3,PAR,10290,12750,2460,2.46,0,0
adrsdt45,4,PAR,12750,15212,2462,2.462,0,0
adrsdt45,5,PAR,15212,16608,1396,1.396,0,0
adrsdt45,6,PAR,16608,19618,3010,3.01,0,0
adrsdt45,7,PAR,19300,23223,3923,3.923,0,318
adrsdt45,8,PAR,23223,26798,3575,3.575,0,0
adrsdt45,9,PAR,26798,28171,1373,1.373,0,0
adrsdt45,10,PAR,28171,43376,15205,15.205,0,0
adrsdt45,11,PAR,43376,50084,6708,6.708,0,0
adrsdt45,12,INV,48500,49500,1000,1.0,0,1584
adrsdt45,13,PAR,50084,51730,1646,1.646,584,0
adrsdt45,14,INV,51730,52278,548,0.548,0,0
adrsdt45,15,INV,52278,52961,683,0.683,0,0
adrsdt46,1,INV,0,1698,1698,1.698,0,0
adrsdt46,2,INV,1698,3817,2119,2.119,0,0
adrsdt46,3,INV,3817,8078,4261,4.261,0,0
adrsdt46,4,PAR,8078,9159,1081,1.081,0,0
adrsdt46,5,INV,9159,11082,1923,1.923,0,0
adrsdt46,6,INV,11082,14102,3020,3.02,0,0
adrsdt46,7,INV,14102,15534,1432,1.432,0,0
adrsdt46,8,PAR,15534,18525,2991,2.991,0,0
adrsdt46,9,PAR,18525,20716,2191,2.191,0,0
adrsdt46,10,PAR,20716,29778,9062,9.062,0,0
adrsdt46,11,PAR,29778,32964,3186,3.186,0,0
adrsdt46,12,PAR,32964,38119,5155,5.155,0,0
adrsdt46,13,PAR,38119,46227,8108,8.108,0,0
adrsdt46,14,INV,46227,50194,3967,3.967,0,0
adrsdt46,15,PAR,50194,59413,9219,9.219,0,0
adrsdt46,16,INV,59413,61548,2135,2.135,0,0
adrsdt46,17,PAR,60300,61000,700,0.7,0,1248
adrsdt46,18,INV,61548,63336,1788,1.788,548,0
adrsdt46,19,PAR,62500,64336,1836,1.836,0,836
adrsdt46,20,INV,63348,67971,4623,4.623,0,988
adrsdt46,21,INV,67971,69509,1538,1.538,0,0
adrsdt46,22,INV,69509,71305,1796,1.796,0,0
adrsdt46,23,PAR,71305,74829,3524,3.524,0,0
adrsdt46,24,PAR,74829,77700,2871,2.871,0,0
adrsdt46,25,PAR,77700,80300,2600,2.6,0,0
adrsdt46,26,PAR,80300,83100,2800,2.8,0,0
adrsdt46,27,PAR,83100,84573,1473,1.473,0,0
adrsdt46,28,PAR,84573,88606,4033,4.033,0,0
adrsdt46,29,PAR,88606,93913,5307,5.307,0,0
adrsdt46,30,INV,93913,95470,1557,1.557,0,0
adrsdt46,31,PAR,95470,99100,3630,3.63,0,0
adrsdt46,32,PAR,99100,100392,1292,1.292,0,0
adrsdt46,33,PAR,100392,101385,993,0.993,0,0
adrsdt46,34,PAR,101385,103967,2582,2.582,0,0
adrsdt46,35,INV,103967,104695,728,0.728,0,0
adrsdt46,36,PAR,104695,105696,1001,1.001,0,0
adrsdt46,37,INV,105696,107002,1306,1.306,0,0
adrsdt46,38,PAR,107002,114304,7302,7.302,0,0
adrsdt46,39,INV,114304,116886,2582,2.582,0,0
adrsdt46,40,PAR,116886,123717,6831,6.831,0,0
adrsdt46,41,PAR,123717,127827,4110,4.11,0,0
adrsdt46,42,INV,127827,130488,2661,2.661,0,0
adrsdt47,1,INV,0,3361,3361,3.361,0,0
adrsdt47,2,INV,3361,5542,2181,2.181,0,0
adrsdt47,3,PAR,5542,12466,6924,6.924,0,0
adrsdt47,4,PAR,12466,14179,1713,1.713,0,0
adrsdt47,5,PAR,14179,17028,2849,2.849,0,0
adrsdt47,6,PAR,17028,19844,2816,2.816,0,0
adrsdt47,7,PAR,19844,25883,6039,6.039,0,0
adrsdt47,8,PAR,25883,33072,7189,7.189,0,0
adrsdt47,9,PAR,33072,36442,3370,3.37,0,0
adrsdt47,10,PAR,36442,39422,2980,2.98,0,0
adrsdt47,11,PAR,39422,43610,4188,4.188,0,0
adrsdt47,12,PAR,43610,45417,1807,1.807,0,0
adrsdt47,13,PAR,45417,48371,2954,2.954,0,0
adrsdt47,14,PAR,48371,57958,9587,9.587,0,0
adrsdt47,15,PAR,57958,63935,5977,5.977,0,0
adrsdt47,16,PAR,63935,67283,3348,3.348,0,0
adrsdt47,17,PAR,67283,73448,6165,6.165,0,0
adrsdt47,18,PAR,73448,77077,3629,3.629,0,0
adrsdt47,19,PAR,77077,79283,2206,2.206,0,0
adrsdt47,20,PAR,79283,82832,3549,3.549,0,0
adrsdt47,21,PAR,82832,90006,7174,7.174,0,0
adrsdt47,22,PAR,90006,97661,7655,7.655,0,0
adrsdt47,23,PAR,97661,99840,2179,2.179,0,0
adrsdt47,24,INV,99840,100478,638,0.638,0,0
adrsdt48,1,INV,0,997,997,0.997,0,0
adrsdt48,2,INV,997,1828,831,0.831,0,0
adrsdt48,3,PAR,1828,2842,1014,1.014,0,0
adrsdt48,4,PAR,2842,6800,3958,3.958,0,0
adrsdt48,5,PAR,6800,9902,3102,3.102,0,0
adrsdt48,6,PAR,9902,11373,1471,1.471,0,0
adrsdt48,7,PAR,11373,13268,1895,1.895,0,0
adrsdt48,8,PAR,13268,16250,2982,2.982,0,0
adrsdt48,9,PAR,16250,17657,1407,1.407,0,0
adrsdt48,10,PAR,17657,21747,4090,4.09,0,0
adrsdt48,11,PAR,21747,23760,2013,2.013,0,0
adrsdt48,12,PAR,23760,24957,1197,1.197,0,0
adrsdt48,13,PAR,24957,26587,1630,1.63,0,0
adrsdt48,14,PAR,26587,33013,6426,6.426,0,0
adrsdt48,15,PAR,33013,39221,6208,6.208,0,0
adrsdt48,16,PAR,39221,48390,9169,9.169,0,0
adrsdt48,17,PAR,48390,55900,7510,7.51,0,0
adrsdt48,18,PAR,55900,61757,5857,5.857,0,0
adrsdt48,19,PAR,61757,65617,3860,3.86,0,0
adrsdt48,20,INV,65617,70330,4713,4.713,0,0
adrsdt49,1,INV,26343,28990,2647,2.647,0,0
adrsdt50,1,PAR,0,3740,3740,3.74,0,0
adrsdt50,2,PAR,3740,6666,2926,2.926,0,0
adrsdt50,3,PAR,6666,10175,3509,3.509,0,0
adrsdt50,4,PAR,10175,15700,5525,5.525,0,0
adrsdt50,5,PAR,15700,22444,6744,6.744,0,0
adrsdt50,6,PAR,22444,26101,3657,3.657,0,0
adrsdt50,7,PAR,26101,28147,2046,2.046,0,0
adrsdt50,8,PAR,28147,40000,11853,11.853,0,0
adrsdt50,9,PAR,40000,44075,4075,4.075,0,0
adrsdt50,10,PAR,44075,50193,6118,6.118,0,0
adrsdt50,11,PAR,50193,52932,2739,2.739,0,0
adrsdt50,12,INV,52932,53820,888,0.888,0,0
adrsdt51,1,INV,0,2104,2104,2.104,0,0
adrsdt51,2,INV,2104,3954,1850,1.85,0,0
adrsdt51,3,PAR,3554,4401,847,0.847,0,400
adrsdt51,4,INV,4201,4603,402,0.402,0,200
adrsdt51,5,PAR,4603,8703,4100,4.1,0,0
adrsdt51,6,PAR,8703,11176,2473,2.473,0,0
adrsdt51,7,PAR,11176,14211,3035,3.035,0,0
adrsdt51,8,PAR,14211,19046,4835,4.835,0,0
adrsdt51,9,PAR,19046,22444,3398,3.398,0,0
adrsdt51,10,PAR,22444,31405,8961,8.961,0,0
adrsdt51,11,PAR,31405,34854,3449,3.449,0,0
adrsdt51,12,PAR,34854,40965,6111,6.111,0,0
adrsdt51,13,PAR,40965,50393,9428,9.428,0,0
adrsdt51,14,PAR,50393,57103,6710,6.71,0,0
adrsdt51,15,INV,57103,57903,800,0.8,0,0
adrsdt51,16,INV,57903,59358,1455,1.455,0,0
adrsdt52,1,INV,0,1713,1713,1.713,0,0
adrsdt52,2,PAR,1713,8467,6754,6.754,0,0
adrsdt52,3,PAR,8467,10100,1633,1.633,0,0
adrsdt52,4,PAR,10100,11081,981,0.981,0,0
adrsdt52,5,PAR,11081,13932,2851,2.851,0,0
adrsdt52,6,INV,13932,15594,1662,1.662,0,0
adrsdt52,7,PAR,15594,16592,998,0.998,0,0
adrsdt52,8,INV,16000,17490,1490,1.49,0,592
adrsdt52,9,INV,17490,18978,1488,1.488,0,0
adrsdt52,10,PAR,18978,23566,4588,4.588,0,0
adrsdt52,11,PAR,23566,28627,5061,5.061,0,0
adrsdt52,12,PAR,28627,31812,3185,3.185,0,0
adrsdt52,13,PAR,31812,34291,2479,2.479,0,0
adrsdt52,14,PAR,34291,40159,5868,5.868,0,0
adrsdt52,15,PAR,40159,41622,1463,1.463,0,0
adrsdt52,16,PAR,41622,44600,2978,2.978,0,0
adrsdt52,17,PAR,44600,46023,1423,1.423,0,0
adrsdt52,18,PAR,46023,54839,8816,8.816,0,0
adrsdt52,19,PAR,54839,55817,978,0.978,0,0
adrsdt52,20,PAR,55817,59255,3438,3.438,0,0
adrsdt52,21,INV,59255,60894,1639,1.639,0,0
adrsdt53,1,INV,0,2507,2507,2.507,0,0
adrsdt53,2,PAR,2507,11022,8515,8.515,0,0
adrsdt53,3,PAR,11022,17522,6500,6.5,0,0
adrsdt53,4,PAR,17522,19081,1559,1.559,0,0
adrsdt53,5,PAR,19081,22076,2995,2.995,0,0
adrsdt53,6,PAR,22076,30209,8133,8.133,0,0
adrsdt53,7,PAR,30209,35712,5503,5.503,0,0
adrsdt53,8,PAR,35712,40000,4288,4.288,0,0
adrsdt53,9,PAR,40000,42560,2560,2.56,0,0
adrsdt53,10,INV,42560,43459,899,0.899,0,0
adrsdt53,11,INV,43459,46385,2926,2.926,0,0
adrsdt53,12,PAR,46385,48002,1617,1.617,0,0
adrsdt53,13,PAR,48002,49586,1584,1.584,0,0
adrsdt53,14,PAR,49586,51496,1910,1.91,0,0
adrsdt53,15,PAR,51496,54863,3367,3.367,0,0
adrsdt53,16,PAR,54863,57229,2366,2.366,0,0
adrsdt53,17,PAR,57229,58410,1181,1.181,0,0
adrsdt53,18,PAR,58410,62146,3736,3.736,0,0
adrsdt53,19,PAR,62146,67673,5527,5.527,0,0
adrsdt53,20,INV,67673,69851,2178,2.178,0,0
adrsdt54,1,INV,0,2360,2360,2.36,0,0
adrsdt54,2,INV,2360,4266,1906,1.906,0,0
adrsdt54,3,PAR,4266,13310,9044,9.044,0,0
adrsdt54,4,PAR,13310,20608,7298,7.298,0,0
adrsdt54,5,PAR,20608,27071,6463,6.463,0,0
adrsdt54,6,PAR,27284,32813,5529,5.529,213,0
adrsdt54,7,PAR,32813,37356,4543,4.543,0,0
adrsdt54,8,PAR,37402,42053,4651,4.651,46,0
adrsdt54,9,PAR,42053,49208,7155,7.155,0,0
adrsdt54,10,PAR,49208,54848,5640,5.64,0,0
adrsdt54,11,PAR,54848,60715,5867,5.867,0,0
adrsdt54,12,PAR,60715,66120,5405,5.405,0,0
adrsdt54,13,PAR,66239,73882,7643,7.643,119,0
adrsdt54,14,PAR,73882,78148,4266,4.266,0,0
adrsdt54,15,PAR,78148,87417,9269,9.269,0,0
adrsdt54,16,PAR,87417,88892,1475,1.475,0,0
adrsdt55,1,INV,0,1040,1040,1.04,0,0
adrsdt55,2,PAR,1040,11861,10821,10.821,0,0
adrsdt55,3,PAR,11861,15971,4110,4.11,0,0
adrsdt55,4,PAR,15971,18068,2097,2.097,0,0
adrsdt55,5,PAR,18068,20000,1932,1.932,0,0
adrsdt55,6,PAR,20000,25727,5727,5.727,0,0
adrsdt55,7,PAR,25727,34023,8296,8.296,0,0
adrsdt55,8,PAR,34023,38178,4155,4.155,0,0
adrsdt55,9,PAR,38178,41370,3192,3.192,0,0
adrsdt55,10,PAR,41370,44827,3457,3.457,0,0
adrsdt55,11,PAR,44827,48574,3747,3.747,0,0
adrsdt55,12,PAR,48574,50784,2210,2.21,0,0
adrsdt55,13,PAR,50784,63951,13167,13.167,0,0
adrsdt55,14,PAR,63951,74176,10225,10.225,0,0
adrsdt55,15,PAR,74176,88600,14424,14.424,0,0
adrsdt55,16,PAR,88600,92959,4359,4.359,0,0
adrsdt55,17,PAR,92959,100480,7521,7.521,0,0
adrsdt55,18,PAR,100480,109850,9370,9.37,0,0
adrsdt55,19,PAR,109850,113666,3816,3.816,0,0
adrsdt55,20,PAR,113666,114872,1206,1.206,0,0
adrsdt55,21,PAR,114872,120974,6102,6.102,0,0
adrsdt55,22,PAR,120974,126094,5120,5.12,0,0
adrsdt55,23,INV,125000,126494,1494,1.494,0,1094
adrsdt55,24,PAR,126494,127557,1063,1.063,0,0
adrsdt56,1,INV,0,2006,2006,2.006,0,0
adrsdt56,2,PAR,2006,2644,638,0.638,0,0
adrsdt56,3,INV,2007,3551,1544,1.544,0,637
adrsdt56,4,PAR,3551,4695,1144,1.144,0,0
adrsdt56,5,INV,4695,5764,1069,1.069,0,0
adrsdt56,6,PAR,5064,8650,3586,3.586,0,700
adrsdt56,7,PAR,8650,10647,1997,1.997,0,0
adrsdt56,8,PAR,10647,11666,1019,1.019,0,0
adrsdt56,9,INV,11666,12763,1097,1.097,0,0
adrsdt56,10,PAR,12763,15406,2643,2.643,0,0
adrsdt56,11,PAR,15406,19696,4290,4.29,0,0
adrsdt56,12,PAR,19696,24534,4838,4.838,0,0
adrsdt56,13,PAR,24534,27362,2828,2.828,0,0
adrsdt56,14,PAR,27362,33104,5742,5.742,0,0
adrsdt56,15,PAR,33104,40559,7455,7.455,0,0
adrsdt56,16,PAR,40559,42388,1829,1.829,0,0
adrsdt56,17,INV,42388,42919,531,0.531,0,0
adrsdt56,18,INV,42919,45167,2248,2.248,0,0
adrsdt57,1,INV,0,1588,1588,1.588,0,0
adrsdt57,2,INV,1588,2958,1370,1.37,0,0
adrsdt57,3,PAR,2958,4600,1642,1.642,0,0
adrsdt57,4,INV,4500,5167,667,0.667,0,100
adrsdt57,5,PAR,5167,16374,11207,11.207,0,0
adrsdt57,6,PAR,16374,29399,13025,13.025,0,0
adrsdt57,7,PAR,29399,47548,18149,18.149,0,0
adrsdt57,8,PAR,47548,50909,3361,3.361,0,0
adrsdt57,9,INV,50909,67577,16668,16.668,0,0
adrsdt57,10,PAR,67577,74035,6458,6.458,0,0
adrsdt57,11,PAR,74035,88386,14351,14.351,0,0
adrsdt57,12,PAR,88386,94441,6055,6.055,0,0
adrsdt57,13,PAR,94441,106220,11779,11.779,0,0
adrsdt57,14,PAR,106220,109646,3426,3.426,0,0
adrsdt57,15,PAR,109646,112040,2394,2.394,0,0
adrsdt57,16,INV,112040,112744,704,0.704,0,0
adrsdt57,17,PAR,112744,116014,3270,3.27,0,0
adrsdt57,18,INV,116014,117120,1106,1.106,0,0
adrsdt57,19,PAR,117120,118883,1763,1.763,0,0
adrsdt57,20,INV,118883,120090,1207,1.207,0,0
adrsdt57,21,PAR,120090,122241,2151,2.151,0,0
adrsdt57,22,INV,122888,123728,840,0.84,647,0
adrsdt57,23,INV,123728,126126,2398,2.398,0,0
adrsdt57,24,PAR,125526,126486,960,0.96,0,600
adrsdt57,25,INV,126486,127980,1494,1.494,0,0
adrsdt58,1,PAR,0,4000,4000,4.0,0,0
adrsdt58,2,PAR,4000,5507,1507,1.507,0,0
adrsdt58,3,PAR,5507,6940,1433,1.433,0,0
adrsdt58,4,PAR,6940,9168,2228,2.228,0,0
adrsdt58,5,PAR,9168,12658,3490,3.49,0,0
adrsdt58,6,PAR,12658,18578,5920,5.92,0,0
adrsdt58,7,PAR,18578,24189,5611,5.611,0,0
adrsdt59,1,INV,0,2335,2335,2.335,0,0
adrsdt59,2,PAR,2335,9300,6965,6.965,0,0
adrsdt59,3,PAR,9300,13091,3791,3.791,0,0
adrsdt59,4,PAR,13091,17264,4173,4.173,0,0
adrsdt59,5,PAR,17264,21500,4236,4.236,0,0
adrsdt59,6,PAR,21500,23579,2079,2.079,0,0
adrsdt59,7,PAR,23579,33029,9450,9.45,0,0
adrsdt59,8,INV,33029,40934,7905,7.905,0,0
adrsdt60,1,INV,0,1200,1200,1.2,0,0
adrsdt60,2,INV,1200,3520,2320,2.32,0,0
adrsdt60,3,INV,3520,6990,3470,3.47,0,0
adrsdt60,4,INV,6990,9466,2476,2.476,0,0
adrsdt60,5,INV,9466,11938,2472,2.472,0,0
adrsdt60,6,INV,11938,18400,6462,6.462,0,0
adrsdt60,7,PAR,18400,19131,731,0.731,0,0
adrsdt60,8,PAR,19131,20900,1769,1.769,0,0
adrsdt60,9,PAR,20900,23163,2263,2.263,0,0
adrsdt60,10,INV,23163,28962,5799,5.799,0,0
adrsdt60,11,INV,28962,30603,1641,1.641,0,0
adrsdt60,12,PAR,30603,34167,3564,3.564,0,0
adrsdt60,13,PAR,34167,37701,3534,3.534,0,0
adrsdt60,14,PAR,37701,44435,6734,6.734,0,0
adrsdt60,15,INV,44435,46366,1931,1.931,0,0
adrsdt60,16,PAR,46366,53744,7378,7.378,0,0
adrsdt60,17,INV,53744,57136,3392,3.392,0,0
adrsdt60,18,INV,57136,60559,3423,3.423,0,0
adrsdt60,19,PAR,60559,62459,1900,1.9,0,0
adrsdt60,20,INV,62459,63472,1013,1.013,0,0
adrsdt60,21,PAR,63472,67173,3701,3.701,0,0
adrsdt60,22,INV,67173,68917,1744,1.744,0,0
adrsdt60,23,PAR,68917,75858,6941,6.941,0,0
adrsdt60,24,INV,75858,77558,1700,1.7,0,0
adrsdt60,25,PAR,77558,83441,5883,5.883,0,0
adrsdt60,26,PAR,83441,88386,4945,4.945,0,0
adrsdt60,27,INV,88386,94772,6386,6.386,0,0
adrsdt60,28,PAR,93300,94072,772,0.772,0,1472
adrsdt61,1,INV,794,5357,4563,4.563,0,0
adrsdt61,2,PAR,5357,12390,7033,7.033,0,0
adrsdt61,3,PAR,12390,13305,915,0.915,0,0
adrsdt61,4,PAR,13305,15177,1872,1.872,0,0
adrsdt61,5,PAR,15177,17589,2412,2.412,0,0
adrsdt61,6,PAR,17589,20000,2411,2.411,0,0
adrsdt61,7,PAR,20000,25339,5339,5.339,0,0
adrsdt61,8,INV,25339,34007,8668,8.668,0,0
adrsdt61,9,INV,34007,52916,18909,18.909,0,0
adrsdt61,10,PAR,52916,55110,2194,2.194,0,0
adrsdt61,11,PAR,55110,58580,3470,3.47,0,0
adrsdt61,12,PAR,58580,60574,1994,1.994,0,0
adrsdt61,13,PAR,60574,62190,1616,1.616,0,0
adrsdt61,14,PAR,62190,65913,3723,3.723,0,0
adrsdt61,15,PAR,65913,68839,2926,2.926,0,0
adrsdt61,16,PAR,68839,70409,1570,1.57,0,0
adrsdt61,17,INV,70409,72556,2147,2.147,0,0
adrsdt61,18,INV,72556,81353,8797,8.797,0,0
adrsdt62,1,INV,0,860,860,0.86,0,0
adrsdt62,2,INV,860,2538,1678,1.678,0,0
adrsdt62,3,PAR,2538,10337,7799,7.799,0,0
adrsdt62,4,PAR,10337,14645,4308,4.308,0,0
adrsdt62,5,PAR,14645,16871,2226,2.226,0,0
adrsdt62,6,PAR,16871,19099,2228,2.228,0,0
adrsdt62,7,PAR,19099,20934,1835,1.835,0,0
adrsdt62,8,INV,20934,24160,3226,3.226,0,0
adrsdt62,9,PAR,24160,25123,963,0.963,0,0
adrsdt62,10,PAR,25123,26529,1406,1.406,0,0
adrsdt62,11,PAR,26529,30865,4336,4.336,0,0
adrsdt62,12,PAR,30865,34054,3189,3.189,0,0
adrsdt62,13,PAR,34054,36483,2429,2.429,0,0
adrsdt62,14,PAR,36483,42878,6395,6.395,0,0
adrsdt62,15,INV,42878,48636,5758,5.758,0,0
adrsdt62,16,PAR,48636,49990,1354,1.354,0,0
adrsdt62,17,INV,49990,50925,935,0.935,0,0
adrsdt63,1,INV,0,3395,3395,3.395,0,0
adrsdt63,2,INV,3395,7690,4295,4.295,0,0
adrsdt63,3,INV,7690,10150,2460,2.46,0,0
adrsdt63,4,PAR,10150,13093,2943,2.943,0,0
adrsdt63,5,PAR,13093,17549,4456,4.456,0,0
adrsdt63,6,PAR,17549,24150,6601,6.601,0,0
adrsdt63,7,PAR,24282,28671,4389,4.389,132,0
adrsdt63,8,PAR,28671,33526,4855,4.855,0,0
adrsdt63,9,PAR,33526,43500,9974,9.974,0,0
adrsdt63,10,PAR,43500,54000,10500,10.5,0,0
adrsdt63,11,INV,54000,55889,1889,1.889,0,0
adrsdt64,1,INV,0,888,888,0.888,0,0
adrsdt64,2,PAR,888,12188,11300,11.3,0,0
adrsdt64,3,INV,12188,21600,9412,9.412,0,0
adrsdt64,4,PAR,21600,26086,4486,4.486,0,0
adrsdt64,5,INV,26477,27596,1119,1.119,391,0
adrsdt64,6,INV,27596,32450,4854,4.854,0,0
adrsdt64,7,PAR,32450,37570,5120,5.12,0,0
adrsdt64,8,PAR,37570,41741,4171,4.171,0,0
adrsdt64,9,INV,41741,49368,7627,7.627,0,0
adrsdt65,1,INV,0,4094,4094,4.094,0,0
adrsdt65,2,PAR,4094,15020,10926,10.926,0,0
adrsdt65,3,PAR,15020,18584,3564,3.564,0,0
adrsdt65,4,PAR,18584,28995,10411,10.411,0,0
adrsdt65,5,PAR,28995,32951,3956,3.956,0,0
adrsdt65,6,PAR,32951,38897,5946,5.946,0,0
adrsdt65,7,PAR,38897,51582,12685,12.685,0,0
adrsdt65,8,INV,51582,64576,12994,12.994,0,0
adrsdt66,1,INV,0,2500,2500,2.5,0,0
adrsdt66,2,PAR,2500,4157,1657,1.657,0,0
adrsdt66,3,PAR,4157,7904,3747,3.747,0,0
adrsdt66,4,PAR,7904,10000,2096,2.096,0,0
adrsdt66,5,PAR,10000,15764,5764,5.764,0,0
adrsdt66,6,PAR,15764,18716,2952,2.952,0,0
adrsdt66,7,PAR,18716,26818,8102,8.102,0,0
adrsdt66,8,PAR,26818,30291,3473,3.473,0,0
adrsdt66,9,PAR,30291,34316,4025,4.025,0,0
adrsdt66,10,PAR,34316,34842,526,0.526,0,0
adrsdt66,11,PAR,34842,35857,1015,1.015,0,0
adrsdt66,12,INV,35857,39383,3526,3.526,0,0
adrsdt66,13,PAR,39149,41775,2626,2.626,0,234
adrsdt66,14,INV,41775,43329,1554,1.554,0,0
adrsdt66,15,PAR,43329,49056,5727,5.727,0,0
adrsdt66,16,PAR,49056,52107,3051,3.051,0,0
adrsdt66,17,PAR,52107,57195,5088,5.088,0,0
adrsdt66,18,PAR,57195,68277,11082,11.082,0,0
adrsdt66,19,PAR,68277,71453,3176,3.176,0,0
adrsdt66,20,PAR,71453,75592,4139,4.139,0,0
adrsdt66,21,PAR,75592,77927,2335,2.335,0,0
adrsdt66,22,PAR,77927,84310,6383,6.383,0,0
adrsdt66,23,PAR,84310,90055,5745,5.745,0,0
adrsdt66,24,INV,90055,90952,897,0.897,0,0
adrsdt66,25,PAR,90952,93231,2279,2.279,0,0
adrsdt66,26,PAR,93231,101412,8181,8.181,0,0
adrsdt66,27,PAR,101412,105698,4286,4.286,0,0
adrsdt66,28,PAR,105698,111312,5614,5.614,0,0
adrsdt66,29,PAR,111312,116070,4758,4.758,0,0
adrsdt66,30,INV,115370,117086,1716,1.716,0,700
adrsdt67,1,PAR,0,2072,2072,2.072,0,0
adrsdt67,2,PAR,2072,4570,2498,2.498,0,0
adrsdt67,3,PAR,4570,7592,3022,3.022,0,0
adrsdt67,4,PAR,7592,8545,953,0.953,0,0
adrsdt67,5,PAR,8545,12017,3472,3.472,0,0
adrsdt67,6,PAR,12017,16085,4068,4.068,0,0
adrsdt67,7,PAR,16085,19842,3757,3.757,0,0
adrsdt67,8,PAR,19842,22642,2800,2.8,0,0
adrsdt67,9,PAR,22642,23960,1318,1.318,0,0
adrsdt67,10,PAR,23960,27476,3516,3.516,0,0
adrsdt67,11,PAR,27476,30061,2585,2.585,0,0
adrsdt67,12,PAR,30061,32690,2629,2.629,0,0
adrsdt67,13,PAR,32690,35168,2478,2.478,0,0
adrsdt68,1,PAR,0,2129,2129,2.129,0,0
adrsdt68,2,PAR,2129,4240,2111,2.111,0,0
adrsdt68,3,PAR,4240,5730,1490,1.49,0,0
adrsdt68,4,PAR,5730,10933,5203,5.203,0,0
adrsdt68,5,PAR,10933,16732,5799,5.799,0,0
adrsdt68,6,PAR,16732,31050,14318,14.318,0,0
adrsdt68,7,PAR,31050,39179,8129,8.129,0,0
adrsdt68,8,PAR,39179,43044,3865,3.865,0,0
adrsdt68,9,PAR,43044,45823,2779,2.779,0,0
adrsdt68,10,INV,45423,47569,2146,2.146,0,400
adrsdt68,11,PAR,47569,48333,764,0.764,0,0
adrsdt68,12,PAR,48333,57510,9177,9.177,0,0
adrsdt68,13,PAR,57510,68592,11082,11.082,0,0
adrsdt68,14,PAR,68592,75063,6471,6.471,0,0
adrsdt68,15,INV,75063,77500,2437,2.437,0,0
adrsdt68,16,PAR,77500,77666,166,0.166,0,0
adrsdt68,17,PAR,77666,81512,3846,3.846,0,0
adrsdt69,1,PAR,0,5117,5117,5.117,0,0
adrsdt69,2,PAR,5117,7503,2386,2.386,0,0
adrsdt69,3,PAR,7503,15923,8420,8.42,0,0
adrsdt69,4,PAR,15923,20235,4312,4.312,0,0
adrsdt69,5,PAR,20235,26489,6254,6.254,0,0
adrsdt69,6,PAR,26489,35035,8546,8.546,0,0
adrsdt69,7,PAR,35035,37540,2505,2.505,0,0
adrsdt69,8,PAR,37540,50910,13370,13.37,0,0
adrsdt69,9,INV,50910,59253,8343,8.343,0,0
adrsdt69,10,PAR,59253,63144,3891,3.891,0,0
adrsdt70,1,INV,0,2196,2196,2.196,0,0
adrsdt70,2,INV,2196,3660,1464,1.464,0,0
adrsdt70,3,PAR,3660,6851,3191,3.191,0,0
adrsdt70,4,PAR,6851,12886,6035,6.035,0,0
adrsdt70,5,PAR,12886,26519,13633,13.633,0,0
adrsdt70,6,PAR,26519,30011,3492,3.492,0,0
adrsdt70,7,INV,30011,30991,980,0.98,0,0
adrsdt70,8,PAR,30991,32371,1380,1.38,0,0
adrsdt70,9,PAR,32371,39220,6849,6.849,0,0
adrsdt70,10,PAR,39220,49161,9941,9.941,0,0
adrsdt70,11,PAR,49161,50092,931,0.931,0,0
adrsdt70,12,INV,50092,50858,766,0.766,0,0
adrsdt71,1,INV,0,765,765,0.765,0,0
adrsdt71,2,INV,765,2522,1757,1.757,0,0
adrsdt71,3,PAR,1400,4063,2663,2.663,0,1122
adrsdt71,4,INV,4063,4551,488,0.488,0,0
adrsdt71,5,INV,4551,5993,1442,1.442,0,0
adrsdt71,6,PAR,5193,6508,1315,1.315,0,800
adrsdt71,7,INV,6508,10290,3782,3.782,0,0
adrsdt71,8,INV,10290,12579,2289,2.289,0,0
adrsdt71,9,PAR,12579,13557,978,0.978,0,0
adrsdt71,10,INV,13557,16264,2707,2.707,0,0
adrsdt71,11,PAR,16264,16830,566,0.566,0,0
adrsdt71,12,INV,16530,18110,1580,1.58,0,300
adrsdt71,13,INV,18110,19034,924,0.924,0,0
adrsdt71,14,INV,19034,21323,2289,2.289,0,0
adrsdt71,15,PAR,21323,23114,1791,1.791,0,0
adrsdt71,16,INV,23114,24729,1615,1.615,0,0
adrsdt71,17,INV,24729,25432,703,0.703,0,0
adrsdt71,18,PAR,24932,25962,1030,1.03,0,500
adrsdt71,19,INV,25962,26661,699,0.699,0,0
adrsdt71,20,PAR,26561,27955,1394,1.394,0,100
adrsdt71,21,INV,27955,28899,944,0.944,0,0
adrsdt71,22,PAR,28899,33635,4736,4.736,0,0
adrsdt71,23,PAR,33635,37042,3407,3.407,0,0
adrsdt71,24,PAR,37042,38555,1513,1.513,0,0
adrsdt71,25,PAR,38334,42147,3813,3.813,0,221
adrsdt71,26,PAR,42147,44857,2710,2.71,0,0
adrsdt71,27,PAR,44857,46974,2117,2.117,0,0
adrsdt71,28,PAR,46971,49324,2353,2.353,0,3
adrsdt71,29,INV,49324,50138,814,0.814,0,0
adrsdt71,30,PAR,50138,52533,2395,2.395,0,0
adrsdt71,31,PAR,52533,55626,3093,3.093,0,0
adrsdt71,32,PAR,55626,58470,2844,2.844,0,0
adrsdt71,33,PAR,58470,65501,7031,7.031,0,0
adrsdt71,34,PAR,65501,67499,1998,1.998,0,0
adrsdt71,35,PAR,67499,70068,2569,2.569,0,0
adrsdt71,36,PAR,70068,73616,3548,3.548,0,0
